"Image Name","PID","Session Name","Session#","Mem Usage","Status","User Name","CPU Time","Window Title"
"System Idle Process","0","Services","0","8 K","Unknown","NT AUTHORITY\SYSTEM","1:41:29","N/A"
"System","4","Services","0","160 K","Unknown","N/A","0:03:24","N/A"
"Registry","100","Services","0","27,888 K","Unknown","NT AUTHORITY\SYSTEM","0:00:01","N/A"
"smss.exe","416","Services","0","920 K","Unknown","NT AUTHORITY\SYSTEM","0:00:00","N/A"
"csrss.exe","580","Services","0","4,920 K","Unknown","NT AUTHORITY\SYSTEM","0:00:00","N/A"
"wininit.exe","664","Services","0","5,324 K","Unknown","NT AUTHORITY\SYSTEM","0:00:00","N/A"
"csrss.exe","672","Console","1","35,940 K","Unknown","NT AUTHORITY\SYSTEM","0:00:08","N/A"
"winlogon.exe","732","Console","1","7,712 K","Unknown","NT AUTHORITY\SYSTEM","0:00:00","N/A"
"services.exe","812","Services","0","8,192 K","Unknown","NT AUTHORITY\SYSTEM","0:00:02","N/A"
"lsass.exe","832","Services","0","21,784 K","Unknown","NT AUTHORITY\SYSTEM","0:00:02","N/A"
"svchost.exe","944","Services","0","27,552 K","Unknown","NT AUTHORITY\SYSTEM","0:00:05","N/A"
"fontdrvhost.exe","952","Console","1","8,852 K","Unknown","Font Driver Host\UMFD-1","0:00:00","N/A"
"fontdrvhost.exe","960","Services","0","2,600 K","Unknown","Font Driver Host\UMFD-0","0:00:00","N/A"
"svchost.exe","396","Services","0","14,632 K","Unknown","NT AUTHORITY\NETWORK SERVICE","0:00:07","N/A"
"svchost.exe","896","Services","0","7,396 K","Unknown","NT AUTHORITY\SYSTEM","0:00:00","N/A"
"dwm.exe","1028","Console","1","102,260 K","Running","Window Manager\DWM-1","0:02:25","DWM Notification Window"
"svchost.exe","1168","Services","0","16,404 K","Unknown","NT AUTHORITY\NETWORK SERVICE","0:00:00","N/A"
"svchost.exe","1176","Services","0","5,036 K","Unknown","NT AUTHORITY\LOCAL SERVICE","0:00:00","N/A"
"svchost.exe","1216","Services","0","3,852 K","Unknown","NT AUTHORITY\LOCAL SERVICE","0:00:00","N/A"
"svchost.exe","1360","Services","0","7,540 K","Unknown","NT AUTHORITY\SYSTEM","0:00:00","N/A"
"svchost.exe","1368","Services","0","12,448 K","Unknown","NT AUTHORITY\LOCAL SERVICE","0:00:00","N/A"
"svchost.exe","1428","Services","0","7,324 K","Unknown","NT AUTHORITY\LOCAL SERVICE","0:00:00","N/A"
"svchost.exe","1460","Services","0","12,460 K","Unknown","NT AUTHORITY\SYSTEM","0:00:01","N/A"
"svchost.exe","1484","Services","0","9,876 K","Unknown","NT AUTHORITY\SYSTEM","0:00:00","N/A"
"svchost.exe","1516","Services","0","5,608 K","Unknown","NT AUTHORITY\LOCAL SERVICE","0:00:00","N/A"
"svchost.exe","1592","Services","0","5,680 K","Unknown","NT AUTHORITY\LOCAL SERVICE","0:00:00","N/A"
"svchost.exe","1648","Services","0","12,640 K","Unknown","NT AUTHORITY\SYSTEM","0:00:00","N/A"
"svchost.exe","1676","Services","0","13,368 K","Unknown","NT AUTHORITY\NETWORK SERVICE","0:00:00","N/A"
"svchost.exe","1788","Services","0","6,304 K","Unknown","NT AUTHORITY\SYSTEM","0:00:00","N/A"
"svchost.exe","1864","Services","0","18,420 K","Unknown","NT AUTHORITY\LOCAL SERVICE","0:00:01","N/A"
"svchost.exe","1932","Services","0","7,104 K","Unknown","NT AUTHORITY\LOCAL SERVICE","0:00:00","N/A"
"svchost.exe","1940","Services","0","17,812 K","Unknown","NT AUTHORITY\SYSTEM","0:00:03","N/A"
"svchost.exe","1960","Services","0","4,368 K","Unknown","NT AUTHORITY\SYSTEM","0:00:00","N/A"
"svchost.exe","516","Services","0","8,912 K","Unknown","NT AUTHORITY\NETWORK SERVICE","0:00:01","N/A"
"Memory Compression","704","Services","0","326,528 K","Unknown","NT AUTHORITY\SYSTEM","0:00:06","N/A"
"svchost.exe","2052","Services","0","6,432 K","Unknown","NT AUTHORITY\SYSTEM","0:00:00","N/A"
"svchost.exe","2148","Services","0","5,756 K","Unknown","NT AUTHORITY\SYSTEM","0:00:00","N/A"
"svchost.exe","2164","Services","0","6,716 K","Unknown","NT AUTHORITY\LOCAL SERVICE","0:00:00","N/A"
"svchost.exe","2240","Services","0","7,536 K","Unknown","NT AUTHORITY\SYSTEM","0:00:00","N/A"
"svchost.exe","2292","Services","0","6,492 K","Unknown","NT AUTHORITY\LOCAL SERVICE","0:00:00","N/A"
"svchost.exe","2328","Services","0","13,960 K","Unknown","NT AUTHORITY\LOCAL SERVICE","0:00:00","N/A"
"svchost.exe","2376","Services","0","6,600 K","Unknown","NT AUTHORITY\SYSTEM","0:00:00","N/A"
"svchost.exe","2404","Services","0","6,032 K","Unknown","NT AUTHORITY\LOCAL SERVICE","0:00:00","N/A"
"svchost.exe","2476","Services","0","6,876 K","Unknown","NT AUTHORITY\LOCAL SERVICE","0:00:00","N/A"
"svchost.exe","2728","Services","0","17,572 K","Unknown","NT AUTHORITY\SYSTEM","0:00:04","N/A"
"svchost.exe","2864","Services","0","5,496 K","Unknown","NT AUTHORITY\SYSTEM","0:00:00","N/A"
"svchost.exe","2940","Services","0","7,704 K","Unknown","NT AUTHORITY\LOCAL SERVICE","0:00:00","N/A"
"svchost.exe","2948","Services","0","4,880 K","Unknown","NT AUTHORITY\LOCAL SERVICE","0:00:00","N/A"
"svchost.exe","2976","Services","0","12,212 K","Unknown","NT AUTHORITY\LOCAL SERVICE","0:00:01","N/A"
"svchost.exe","3008","Services","0","9,336 K","Unknown","NT AUTHORITY\SYSTEM","0:00:00","N/A"
"spoolsv.exe","2372","Services","0","10,092 K","Unknown","NT AUTHORITY\SYSTEM","0:00:00","N/A"
"svchost.exe","3096","Services","0","6,368 K","Unknown","NT AUTHORITY\NETWORK SERVICE","0:00:00","N/A"
"svchost.exe","3208","Services","0","4,696 K","Unknown","NT AUTHORITY\SYSTEM","0:00:00","N/A"
"svchost.exe","3220","Services","0","25,048 K","Unknown","NT AUTHORITY\LOCAL SERVICE","0:00:02","N/A"
"svchost.exe","3232","Services","0","7,848 K","Unknown","NT AUTHORITY\SYSTEM","0:00:00","N/A"
"svchost.exe","3240","Services","0","39,344 K","Unknown","NT AUTHORITY\SYSTEM","0:00:02","N/A"
"MpDefenderCoreService.exe","3264","Services","0","15,764 K","Unknown","NT AUTHORITY\SYSTEM","0:00:00","N/A"
"svchost.exe","3312","Services","0","7,748 K","Unknown","NT AUTHORITY\SYSTEM","0:00:00","N/A"
"svchost.exe","3348","Services","0","4,120 K","Unknown","NT AUTHORITY\SYSTEM","0:00:00","N/A"
"VGAuthService.exe","3372","Services","0","5,820 K","Unknown","NT AUTHORITY\SYSTEM","0:00:00","N/A"
"vmtoolsd.exe","3400","Services","0","14,292 K","Unknown","NT AUTHORITY\SYSTEM","0:00:04","N/A"
"svchost.exe","3420","Services","0","20,980 K","Unknown","NT AUTHORITY\SYSTEM","0:00:06","N/A"
"svchost.exe","3448","Services","0","17,944 K","Unknown","NT AUTHORITY\SYSTEM","0:00:00","N/A"
"svchost.exe","3460","Services","0","5,736 K","Unknown","NT AUTHORITY\LOCAL SERVICE","0:00:00","N/A"
"wlms.exe","3476","Services","0","3,368 K","Unknown","NT AUTHORITY\SYSTEM","0:00:00","N/A"
"wslservice.exe","3492","Services","0","16,684 K","Unknown","NT AUTHORITY\SYSTEM","0:00:00","N/A"
"MsMpEng.exe","3504","Services","0","186,824 K","Unknown","NT AUTHORITY\SYSTEM","0:01:00","N/A"
"svchost.exe","3656","Services","0","6,856 K","Unknown","NT AUTHORITY\SYSTEM","0:00:00","N/A"
"dllhost.exe","3960","Services","0","9,648 K","Unknown","NT AUTHORITY\SYSTEM","0:00:00","N/A"
"WmiPrvSE.exe","4116","Services","0","18,944 K","Unknown","NT AUTHORITY\NETWORK SERVICE","0:00:05","N/A"
"msdtc.exe","4292","Services","0","6,136 K","Unknown","NT AUTHORITY\NETWORK SERVICE","0:00:00","N/A"
"svchost.exe","4468","Services","0","11,748 K","Unknown","NT AUTHORITY\SYSTEM","0:00:01","N/A"
"AggregatorHost.exe","4596","Services","0","12,096 K","Unknown","NT AUTHORITY\SYSTEM","0:00:00","N/A"
"vm3dservice.exe","4880","Services","0","4,632 K","Unknown","NT AUTHORITY\SYSTEM","0:00:00","N/A"
"vm3dservice.exe","5012","Console","1","5,080 K","Running","NT AUTHORITY\SYSTEM","0:00:01","VM3DService Hidden window"
"NisSrv.exe","2844","Services","0","8,604 K","Unknown","NT AUTHORITY\LOCAL SERVICE","0:00:00","N/A"
"svchost.exe","4760","Services","0","5,496 K","Unknown","NT AUTHORITY\LOCAL SERVICE","0:00:00","N/A"
"svchost.exe","1072","Services","0","7,876 K","Unknown","NT AUTHORITY\LOCAL SERVICE","0:00:00","N/A"
"sihost.exe","2540","Console","1","35,172 K","Running","DESKTOP-3IGLGLR\winlamb","0:00:02","N/A"
"svchost.exe","2544","Console","1","16,232 K","Unknown","DESKTOP-3IGLGLR\winlamb","0:00:00","N/A"
"svchost.exe","5164","Console","1","6,448 K","Unknown","DESKTOP-3IGLGLR\winlamb","0:00:00","N/A"
"svchost.exe","5216","Console","1","27,244 K","Running","DESKTOP-3IGLGLR\winlamb","0:00:00","Windows Push Notifications Platform"
"MicrosoftEdgeUpdate.exe","5328","Services","0","4,472 K","Unknown","NT AUTHORITY\SYSTEM","0:00:00","N/A"
"svchost.exe","5364","Services","0","19,744 K","Unknown","NT AUTHORITY\SYSTEM","0:00:00","N/A"
"taskhostw.exe","5380","Console","1","20,184 K","Running","DESKTOP-3IGLGLR\winlamb","0:00:00","Task Host Window"
"svchost.exe","5592","Services","0","15,336 K","Unknown","NT AUTHORITY\LOCAL SERVICE","0:00:00","N/A"
"explorer.exe","5648","Console","1","342,960 K","Running","DESKTOP-3IGLGLR\winlamb","0:03:17","Download Notepad++ v8.8.2 | Notepad++"
"ShellHost.exe","5700","Console","1","23,436 K","Running","DESKTOP-3IGLGLR\winlamb","0:00:00","Quick Settings"
"svchost.exe","5916","Console","1","22,660 K","Running","DESKTOP-3IGLGLR\winlamb","0:00:00","N/A"
"svchost.exe","5972","Services","0","14,516 K","Unknown","NT AUTHORITY\SYSTEM","0:00:00","N/A"
"CrossDeviceResume.exe","6012","Console","1","25,260 K","Running","DESKTOP-3IGLGLR\winlamb","0:00:00","CrossDeviceResumeWindow"
"StartMenuExperienceHost.exe","6300","Console","1","88,916 K","Running","DESKTOP-3IGLGLR\winlamb","0:00:02","Start"
"SearchHost.exe","6368","Console","1","99,220 K","Running","DESKTOP-3IGLGLR\winlamb","0:00:06","Search"
"RuntimeBroker.exe","6460","Console","1","60,760 K","Running","DESKTOP-3IGLGLR\winlamb","0:00:02","N/A"
"svchost.exe","6516","Console","1","19,304 K","Unknown","DESKTOP-3IGLGLR\winlamb","0:00:00","N/A"
"Widgets.exe","6544","Console","1","56,784 K","Running","DESKTOP-3IGLGLR\winlamb","0:00:01","N/A"
"RuntimeBroker.exe","6564","Console","1","19,784 K","Running","DESKTOP-3IGLGLR\winlamb","0:00:00","OLEChannelWnd"
"WidgetService.exe","6944","Console","1","20,204 K","Running","DESKTOP-3IGLGLR\winlamb","0:00:00","N/A"
"msedgewebview2.exe","3576","Console","1","82,388 K","Running","DESKTOP-3IGLGLR\winlamb","0:00:02","N/A"
"msedgewebview2.exe","6592","Console","1","5,860 K","Running","DESKTOP-3IGLGLR\winlamb","0:00:00","N/A"
"backgroundTaskHost.exe","7240","Console","1","20,740 K","Unknown","DESKTOP-3IGLGLR\winlamb","0:00:01","N/A"
"msedgewebview2.exe","7464","Console","1","32,580 K","Running","DESKTOP-3IGLGLR\winlamb","0:00:00","N/A"
"msedgewebview2.exe","7480","Console","1","31,220 K","Running","DESKTOP-3IGLGLR\winlamb","0:00:00","OleMainThreadWndName"
"msedgewebview2.exe","7540","Console","1","13,600 K","Unknown","DESKTOP-3IGLGLR\winlamb","0:00:00","N/A"
"msedgewebview2.exe","7548","Console","1","103,152 K","Unknown","DESKTOP-3IGLGLR\winlamb","0:00:05","N/A"
"svchost.exe","8064","Services","0","11,160 K","Unknown","NT AUTHORITY\SYSTEM","0:00:00","N/A"
"SearchIndexer.exe","8184","Services","0","50,996 K","Unknown","NT AUTHORITY\SYSTEM","0:00:04","N/A"
"ctfmon.exe","2496","Console","1","29,860 K","Running","DESKTOP-3IGLGLR\winlamb","0:00:03","N/A"
"RuntimeBroker.exe","6232","Console","1","8,908 K","Unknown","DESKTOP-3IGLGLR\winlamb","0:00:00","N/A"
"SecurityHealthSystray.exe","7272","Console","1","8,580 K","Running","DESKTOP-3IGLGLR\winlamb","0:00:00","N/A"
"SecurityHealthService.exe","7944","Services","0","22,640 K","Unknown","NT AUTHORITY\SYSTEM","0:00:00","N/A"
"vmtoolsd.exe","3604","Console","1","16,004 K","Running","DESKTOP-3IGLGLR\winlamb","0:00:02","N/A"
"msedge.exe","8212","Console","1","219,840 K","Running","DESKTOP-3IGLGLR\winlamb","0:00:26","CTF2 - mail4fenixspam@gmail.com - Gmail and 28 more pages - Profile 1 - Microsoft? Edge"
"msedge.exe","8256","Console","1","6,168 K","Running","DESKTOP-3IGLGLR\winlamb","0:00:00","N/A"
"msedge.exe","8488","Console","1","63,872 K","Running","DESKTOP-3IGLGLR\winlamb","0:00:10","N/A"
"msedge.exe","8496","Console","1","48,104 K","Running","DESKTOP-3IGLGLR\winlamb","0:00:10","OleMainThreadWndName"
"msedge.exe","8504","Console","1","15,008 K","Unknown","DESKTOP-3IGLGLR\winlamb","0:00:00","N/A"
"OneDrive.exe","8976","Console","1","122,200 K","Running","DESKTOP-3IGLGLR\winlamb","0:00:03","N/A"
"CrossDeviceService.exe","8700","Console","1","53,328 K","Running","DESKTOP-3IGLGLR\winlamb","0:00:01",".NET-BroadcastEventWindow.3d893c.0"
"RuntimeBroker.exe","8088","Console","1","10,724 K","Unknown","DESKTOP-3IGLGLR\winlamb","0:00:00","N/A"
"svchost.exe","9072","Services","0","12,916 K","Unknown","NT AUTHORITY\SYSTEM","0:00:00","N/A"
"msedge.exe","9464","Console","1","9,848 K","Unknown","DESKTOP-3IGLGLR\winlamb","0:00:01","N/A"
"msedge.exe","9964","Console","1","13,004 K","Unknown","DESKTOP-3IGLGLR\winlamb","0:00:01","N/A"
"msedge.exe","10176","Console","1","9,400 K","Unknown","DESKTOP-3IGLGLR\winlamb","0:00:00","N/A"
"msedge.exe","2368","Console","1","12,132 K","Unknown","DESKTOP-3IGLGLR\winlamb","0:00:00","N/A"
"msedge.exe","968","Console","1","10,072 K","Unknown","DESKTOP-3IGLGLR\winlamb","0:00:01","N/A"
"msedge.exe","1548","Console","1","17,880 K","Unknown","DESKTOP-3IGLGLR\winlamb","0:00:01","N/A"
"msedge.exe","6812","Console","1","11,900 K","Unknown","DESKTOP-3IGLGLR\winlamb","0:00:00","N/A"
"dllhost.exe","9136","Console","1","20,996 K","Running","DESKTOP-3IGLGLR\winlamb","0:00:00","OleMainThreadWndName"
"cmd.exe","4248","Console","1","8,044 K","Running","DESKTOP-3IGLGLR\winlamb","0:00:00","Administrator: Command Prompt - APTSimulator.bat"
"conhost.exe","5092","Console","1","19,696 K","Running","DESKTOP-3IGLGLR\winlamb","0:00:01","N/A"
"taskhostw.exe","5756","Console","1","9,828 K","Running","DESKTOP-3IGLGLR\winlamb","0:00:00","Task Host Window"
"svchost.exe","6996","Services","0","21,896 K","Unknown","NT AUTHORITY\NETWORK SERVICE","0:00:01","N/A"
"svchost.exe","9576","Services","0","12,896 K","Unknown","NT AUTHORITY\SYSTEM","0:00:00","N/A"
"svchost.exe","2716","Services","0","13,584 K","Unknown","NT AUTHORITY\SYSTEM","0:00:00","N/A"
"svchost.exe","3228","Services","0","11,408 K","Unknown","NT AUTHORITY\SYSTEM","0:00:00","N/A"
"svchost.exe","1424","Services","0","11,760 K","Unknown","NT AUTHORITY\LOCAL SERVICE","0:00:00","N/A"
"svchost.exe","6512","Console","1","14,312 K","Unknown","DESKTOP-3IGLGLR\winlamb","0:00:00","N/A"
"msedge.exe","7416","Console","1","26,472 K","Running","DESKTOP-3IGLGLR\winlamb","0:00:00","OleMainThreadWndName"
"RuntimeBroker.exe","9420","Console","1","27,896 K","Unknown","DESKTOP-3IGLGLR\winlamb","0:00:00","N/A"
"ShellExperienceHost.exe","10812","Console","1","61,384 K","Running","DESKTOP-3IGLGLR\winlamb","0:00:00","New notification"
"RuntimeBroker.exe","3516","Console","1","19,732 K","Running","DESKTOP-3IGLGLR\winlamb","0:00:00","OLEChannelWnd"
"cmd.exe","10788","Console","1","10,220 K","Running","DESKTOP-3IGLGLR\winlamb","0:00:00","Administrator: Command Prompt - collection2.bat"
"conhost.exe","10828","Console","1","20,080 K","Running","DESKTOP-3IGLGLR\winlamb","0:00:03","N/A"
"SystemSettings.exe","5872","Console","1","1,824 K","Running","DESKTOP-3IGLGLR\winlamb","0:00:00","Settings"
"ApplicationFrameHost.exe","5760","Console","1","35,596 K","Running","DESKTOP-3IGLGLR\winlamb","0:00:00","Settings"
"msedgewebview2.exe","1304","Console","1","6,888 K","Running","DESKTOP-3IGLGLR\winlamb","0:00:01","N/A"
"msedgewebview2.exe","6024","Console","1","8,340 K","Running","DESKTOP-3IGLGLR\winlamb","0:00:00","N/A"
"msedgewebview2.exe","10236","Console","1","2,336 K","Running","DESKTOP-3IGLGLR\winlamb","0:00:00","N/A"
"msedgewebview2.exe","4828","Console","1","4,708 K","Running","DESKTOP-3IGLGLR\winlamb","0:00:00","OleMainThreadWndName"
"msedgewebview2.exe","5968","Console","1","N/A","Unknown","DESKTOP-3IGLGLR\winlamb","0:00:00","N/A"
"msedgewebview2.exe","9536","Console","1","5,072 K","Unknown","DESKTOP-3IGLGLR\winlamb","0:00:02","N/A"
"FileCoAuth.exe","1284","Console","1","22,548 K","Running","DESKTOP-3IGLGLR\winlamb","0:00:00","OleMainThreadWndName"
"msedge.exe","8776","Console","1","259,956 K","Unknown","DESKTOP-3IGLGLR\winlamb","0:00:17","N/A"
"msedge.exe","9496","Console","1","25,424 K","Unknown","DESKTOP-3IGLGLR\winlamb","0:00:00","N/A"
"msedge.exe","8520","Console","1","18,956 K","Unknown","DESKTOP-3IGLGLR\winlamb","0:00:00","N/A"
"msedge.exe","2248","Console","1","15,368 K","Unknown","DESKTOP-3IGLGLR\winlamb","0:00:01","N/A"
"dllhost.exe","6884","Console","1","16,440 K","Running","DESKTOP-3IGLGLR\winlamb","0:00:00","OleMainThreadWndName"
"dllhost.exe","6472","Console","1","25,368 K","Running","DESKTOP-3IGLGLR\winlamb","0:00:00","OLEChannelWnd"
"msedge.exe","8352","Console","1","29,368 K","Unknown","DESKTOP-3IGLGLR\winlamb","0:00:01","N/A"
"msedge.exe","5236","Console","1","10,392 K","Unknown","DESKTOP-3IGLGLR\winlamb","0:00:00","N/A"
"msedge.exe","11180","Console","1","37,236 K","Unknown","DESKTOP-3IGLGLR\winlamb","0:00:01","N/A"
"msedge.exe","6384","Console","1","29,752 K","Unknown","DESKTOP-3IGLGLR\winlamb","0:00:01","N/A"
"msedge.exe","1560","Console","1","18,276 K","Unknown","DESKTOP-3IGLGLR\winlamb","0:00:00","N/A"
"notepad++.exe","4660","Console","1","80,912 K","Running","DESKTOP-3IGLGLR\winlamb","0:00:17","C:\Users\winlamb\Downloads\hostsvc\collection2.bat - Notepad++"
"mmc.exe","8228","Console","1","49,096 K","Running","DESKTOP-3IGLGLR\winlamb","0:00:01","Services"
"mmc.exe","7836","Console","1","47,144 K","Running","DESKTOP-3IGLGLR\winlamb","0:00:01","OLEChannelWnd"
"msedge.exe","5104","Console","1","29,840 K","Unknown","DESKTOP-3IGLGLR\winlamb","0:00:00","N/A"
"Taskmgr.exe","2888","Console","1","128,284 K","Running","DESKTOP-3IGLGLR\winlamb","0:00:48","Task Manager"
"Notepad.exe","7368","Console","1","98,320 K","Running","DESKTOP-3IGLGLR\winlamb","0:00:01","malware_analysis_report.txt - Notepad"
"SearchProtocolHost.exe","9104","Services","0","19,212 K","Unknown","NT AUTHORITY\SYSTEM","0:00:00","N/A"
"SearchFilterHost.exe","11064","Services","0","12,204 K","Unknown","NT AUTHORITY\SYSTEM","0:00:00","N/A"
"sppsvc.exe","1148","Services","0","15,508 K","Unknown","NT AUTHORITY\NETWORK SERVICE","0:00:00","N/A"
"audiodg.exe","5124","Services","0","15,944 K","Unknown","NT AUTHORITY\LOCAL SERVICE","0:00:00","N/A"
"WmiPrvSE.exe","1496","Services","0","11,784 K","Unknown","NT AUTHORITY\LOCAL SERVICE","0:00:00","N/A"
"TrustedInstaller.exe","2616","Services","0","9,836 K","Unknown","NT AUTHORITY\SYSTEM","0:00:00","N/A"
"TiWorker.exe","4736","Services","0","18,116 K","Unknown","NT AUTHORITY\SYSTEM","0:00:00","N/A"
"tasklist.exe","7280","Console","1","12,716 K","Unknown","DESKTOP-3IGLGLR\winlamb","0:00:00","N/A"
